{
	"metadata": {
		"version": 4.4,
		"type": "Object",
		"generator": "Object3D.toJSON"
	},
	"geometries": [
		{
			"uuid": "264D7CAE-FD76-4543-A278-117D7A0A19D0",
			"type": "SphereGeometry",
			"radius": 75,
			"widthSegments": 32,
			"heightSegments": 16,
			"phiStart": 0,
			"phiLength": 6.283185307179586,
			"thetaStart": 0,
			"thetaLength": 3.141592653589793
		}],
	"materials": [
		{
			"uuid": "6F54EC29-5827-4237-BEA4-D3E3A71BDC84",
			"type": "MeshPhongMaterial",
			"name": "Azul opaco",
			"color": 5693650,
			"emissive": 0,
			"specular": 14086648,
			"shininess": -1.92
		}],
	"object": {
		"uuid": "3993B520-7430-47FB-9BEF-208F94A1D9C0",
		"type": "Mesh",
		"name": "Sphere 2",
		"matrix": [0.5823772549629211,0,0,0,0,0.5823772549629211,0,0,0,0,0.5823772549629211,0,0,229.8282012939453,0,1],
		"geometry": "264D7CAE-FD76-4543-A278-117D7A0A19D0",
		"material": "6F54EC29-5827-4237-BEA4-D3E3A71BDC84"
	}
}